input_sequence,next_character
"dged, that a man must be in wa",n
"d through the ancient trees, w",h
"owledged, that a man must be i",n
"y page he turned, the mystery ",g
"the ancient trees, whispering ",f
"led through the ancient trees,", 
ver returned from the edge of ,t
"nowledged, that a man must be ",i
"e he turned, the mystery grew ",d
e edge of the forgotten forest,.
" the ancient trees, whispering", 
re lived a curious child in a ,q
"e dark of night, shadows dance",d
s heart pounded as he stepped ,i
"e picked up the old journal, i",t
er returned from the edge of t,h
here lived a curious child in ,a
"ancient trees, whispering forg",o
there lived a curious child in, 
"urned, the mystery grew deeper",.
 shadows danced across the sil,e
"e ancient trees, whispering fo",r
" she spoke, quiet yet powerful",.
r returned from the edge of th,e
"ery page he turned, the myster",y
"page he turned, the mystery gr",e
"With every page he turned, the", 
there lived a curious child in, 
" he turned, the mystery grew d",e
e edge of the forgotten forest,.
"ed up the old journal, its pag",e
" in the way she spoke, quiet y",e
"gic in the way she spoke, quie",t
hat a man must be in want of a, 
anced across the silent fields,.
rned from the edge of the forg,o
was magic in the way she spoke,","
"ic in the way she spoke, quiet", 
"he picked up the old journal, ",i
"ve, indifferent to the world b",e
"e stars shimmered above, indif",f
", shadows danced across the si",l
"pon a time, there lived a curi",o
"ed, that a man must be in want", 
"e, indifferent to the world be",l
" the old journal, its pages ye",l
"rnal, its pages yellowed with ",t
"wledged, that a man must be in", 
"c in the way she spoke, quiet ",y
"al, its pages yellowed with ti",m
